nombre,grupo,tarea,semilla,celda,bidireccional,vocab,emb_dim,unidades,capas,dropout,dense,optimizador,lr,batch,max_len,epocas,paciencia,early_stopping,class_weight,rec_dropout,l2,merge,dense_act,clipnorm,parametros,vocab_real,epocas_corridas,mejor_epoca,tiempo_s,s_por_epoca,train_accuracy,val_accuracy,val_f1_macro,val_f1_weighted,val_precision_macro,val_recall_macro,val_recall_Anxiety,val_recall_Bipolar,val_recall_Depression,val_recall_Normal,val_recall_Personality_disorder,val_recall_Stress,val_recall_Suicidal,test_accuracy,test_f1_macro,test_f1_weighted,test_precision_macro,test_recall_macro,test_recall_Anxiety,test_recall_Bipolar,test_recall_Depression,test_recall_Normal,test_recall_Personality_disorder,test_recall_Stress,test_recall_Suicidal,emb_dropout,l2_emb
base_s42,base,multiclase,42,lstm,True,10000,64,64,1,0.0,64,adam,0.001,64,128,20,1,True,False,0.0,0.0,concat,relu,0.0,714759,10000,3,2,489.9,163.3,0.7783977572914982,0.6924528301886792,0.5639892587458137,0.683280164513375,0.5945988650677547,0.5811517522064056,0.8097686375321337,0.6748251748251748,0.5496430889033095,0.9137614678899084,0.017094017094017,0.445692883895131,0.6572769953051644,0.7094339622641509,0.565775194057863,0.6993667374838701,0.5744531432229188,0.581097006464424,0.8172458172458172,0.680628272251309,0.5959104186952289,0.9241590214067278,0.0085106382978723,0.3651685393258427,0.676056338028169,0.0,0.0
celda=gru,celda,multiclase,42,gru,True,10000,64,64,1,0.0,64,adam,0.001,64,128,20,1,True,False,0.0,0.0,concat,relu,0.0,698631,10000,3,2,175.4,58.5,0.7868618254353335,0.7086792452830188,0.6288838088059064,0.7038531661110461,0.7017463905027144,0.5959724532269727,0.7583547557840618,0.5559440559440559,0.6281635301752109,0.9204892966360856,0.3247863247863248,0.3220973782771535,0.6619718309859155,0.7208490566037736,0.6364807930580607,0.715370252969573,0.7068286220580748,0.6051962871926329,0.7413127413127413,0.5968586387434555,0.6669912366114897,0.9125382262996942,0.3617021276595745,0.2752808988764045,0.6816901408450704,0.0,0.0
base_s7,base,multiclase,7,lstm,True,10000,64,64,1,0.0,64,adam,0.001,64,128,20,1,True,False,0.0,0.0,concat,relu,0.0,714759,10000,4,3,168.9,42.2,0.8220658795622405,0.699811320754717,0.6193670792283436,0.6988281541867951,0.6719649648704001,0.5970512300242635,0.6966580976863753,0.527972027972028,0.7157689811810513,0.8892966360856269,0.452991452991453,0.348314606741573,0.5483568075117371,0.7101886792452831,0.6255324851441537,0.7079447323842293,0.6809917910193162,0.602908141284885,0.7117117117117117,0.5427574171029669,0.7403440441415124,0.8874617737003058,0.4638297872340425,0.3071161048689138,0.5671361502347417,0.0,0.0
base_s123,base,multiclase,123,lstm,True,10000,64,64,1,0.0,64,adam,0.001,64,128,20,1,True,False,0.0,0.0,concat,relu,0.0,714759,10000,3,2,167.5,55.8,0.7928998867863497,0.7047169811320755,0.5842983787302076,0.6968041239857163,0.6400404783775572,0.5795319697889616,0.794344473007712,0.6573426573426573,0.7170668397144712,0.8954128440366973,0.0341880341880341,0.445692883895131,0.5126760563380282,0.7175471698113207,0.5868534319608639,0.7083491792717954,0.6430086069723847,0.5790631376427705,0.7812097812097812,0.6596858638743456,0.7581953911067835,0.8975535168195719,0.025531914893617,0.4007490636704119,0.5305164319248826,0.0,0.0
class_weight=True,class_weight,multiclase,42,lstm,True,10000,64,64,1,0.0,64,adam,0.001,64,128,20,1,True,True,0.0,0.0,concat,relu,0.0,714759,10000,4,3,208.9,52.2,0.7709849587578845,0.6654716981132075,0.612518509345407,0.6684040549135839,0.5817213903571464,0.6821150180528166,0.8071979434447301,0.7482517482517482,0.4853990914990266,0.8581039755351682,0.7777777777777778,0.5168539325842697,0.5812206572769953,0.6755660377358491,0.6057747291221854,0.6797102658574359,0.5804509335593665,0.6618121244501689,0.7722007722007722,0.7609075043630017,0.5069782538136969,0.8700305810397554,0.6510638297872341,0.449438202247191,0.6220657276995305,0.0,0.0
class_weight=True_s7,class_weight,multiclase,7,lstm,True,10000,64,64,1,0.0,64,adam,0.001,64,128,20,1,True,True,0.0,0.0,concat,relu,0.0,714759,10000,4,3,248.9,62.2,0.7738422556472047,0.6650943396226415,0.6078012076527791,0.6698874799549714,0.5892467584233835,0.6727296133197619,0.699228791773779,0.7132867132867133,0.4957819597663854,0.8948012232415902,0.7350427350427351,0.6404494382022472,0.5305164319248826,0.685,0.6176755174000618,0.6929584417866796,0.6040401816733217,0.6740681243071908,0.722007722007722,0.7190226876090751,0.5355404089581305,0.9009174311926604,0.6638297872340425,0.6086142322097379,0.5685446009389671,0.0,0.0
class_weight=True_s123,class_weight,multiclase,123,lstm,True,10000,64,64,1,0.0,64,adam,0.001,64,128,20,1,True,True,0.0,0.0,concat,relu,0.0,714759,10000,5,4,210.7,42.1,0.7899078117418729,0.6632075471698113,0.6295692049723373,0.657634687024444,0.6218182959363848,0.6708621345003518,0.7557840616966581,0.7342657342657343,0.3536664503569111,0.8660550458715597,0.6666666666666666,0.5430711610486891,0.7765258215962442,0.6706603773584906,0.6230388539900964,0.665520933216202,0.62063143702396,0.6577212843786032,0.7606177606177607,0.7242582897033158,0.3700097370983446,0.862691131498471,0.5531914893617021,0.5187265917602997,0.8145539906103286,0.0,0.0
cw+celda=gru,celda,multiclase,42,gru,True,10000,64,64,1,0.0,64,adam,0.001,64,128,20,1,True,True,0.0,0.0,concat,relu,0.0,698631,10000,4,3,213.5,53.4,0.790419968731468,0.680566037735849,0.6364518505233521,0.678236912464813,0.6114481856035242,0.6823773353633851,0.8329048843187661,0.7482517482517482,0.4523036988968202,0.8825688073394495,0.6752136752136753,0.5168539325842697,0.6685446009389672,0.6935849056603773,0.6310229691371169,0.6921697696462025,0.6111077728028957,0.6663324067784802,0.8223938223938224,0.7277486910994765,0.4871794871794871,0.891131498470948,0.5531914893617021,0.4812734082397004,0.7014084507042253,0.0,0.0
cw+celda=simplernn,celda,multiclase,42,simplernn,True,10000,64,64,1,0.0,64,adam,0.001,64,128,20,1,True,True,0.0,0.0,concat,relu,0.0,665223,10000,4,3,126.4,31.6,0.7708501806027279,0.6128301886792453,0.5230786288077013,0.6088795221432676,0.5219664114199608,0.5521858964098397,0.6298200514138818,0.5944055944055944,0.3290071382219338,0.891131498470948,0.3675213675213675,0.3707865168539326,0.6826291079812207,0.6155660377358491,0.5208276788931349,0.6125750347887994,0.5233785568731524,0.5441761750444091,0.6435006435006435,0.5968586387434555,0.3359298928919182,0.8889908256880734,0.2638297872340425,0.3895131086142322,0.6906103286384977,0.0,0.0
cw+bidireccional=False,bidireccional,multiclase,42,lstm,False,10000,64,64,1,0.0,64,adam,0.001,64,128,20,1,True,True,0.0,0.0,concat,relu,0.0,677639,10000,3,2,112.3,37.4,0.6577173971642676,0.5947169811320755,0.4951437523157697,0.5973818579934224,0.5001619743787605,0.53457537092892,0.5629820051413882,0.5699300699300699,0.2920181700194679,0.8764525993883792,0.3675213675213675,0.3745318352059925,0.6985915492957746,0.6068867924528302,0.5079571726826229,0.6115917494120247,0.515009053672059,0.5457454905453765,0.601029601029601,0.5828970331588132,0.3096397273612463,0.8746177370030581,0.3446808510638298,0.3895131086142322,0.7178403755868544,0.0,0.0
cw+unidades=128,unidades,multiclase,42,lstm,True,10000,64,128,1,0.0,64,adam,0.001,64,128,20,1,True,True,0.0,0.0,concat,relu,0.0,854535,10000,4,3,330.2,82.5,0.7650547199309936,0.6722641509433962,0.6249860933754964,0.6693539914812641,0.599692985006738,0.6755337621815886,0.8508997429305912,0.7202797202797203,0.4523036988968202,0.8795107033639143,0.6666666666666666,0.5280898876404494,0.6309859154929578,0.6811320754716981,0.619329796773073,0.6806516324216128,0.5964516155342389,0.6658133512813141,0.87001287001287,0.7190226876090751,0.486854917234664,0.8752293577981651,0.5617021276595745,0.5056179775280899,0.6422535211267606,0.0,0.0
cw+capas=2,capas,multiclase,42,lstm,True,10000,64,64,2,0.0,64,adam,0.001,64,128,20,1,True,True,0.0,0.0,concat,relu,0.0,813575,10000,3,2,265.7,88.6,0.713839020971481,0.6486792452830189,0.5897001346568082,0.6528983156482061,0.5679199583470994,0.6541915551078586,0.7480719794344473,0.7097902097902098,0.4237508111615833,0.8636085626911315,0.6666666666666666,0.5543071161048689,0.6131455399061033,0.6591509433962264,0.592600556774428,0.664734347255959,0.5694692945946203,0.6567155834699054,0.7464607464607464,0.7417102966841187,0.451152223304122,0.8629969418960245,0.6510638297872341,0.5131086142322098,0.6305164319248826,0.0,0.0
cw+dropout=0.2,dropout,multiclase,42,lstm,True,10000,64,64,1,0.2,64,adam,0.001,64,128,20,1,True,True,0.0,0.0,concat,relu,0.0,714759,10000,5,4,218.4,43.7,0.8013369992991536,0.6758490566037736,0.6212955261286306,0.6756351615202866,0.6139316534079412,0.6444705739855204,0.8329048843187661,0.6013986013986014,0.5042180402336145,0.8801223241590214,0.5897435897435898,0.4681647940074906,0.6347417840375587,0.6937735849056603,0.6319080095579871,0.6933779417587249,0.6225615334378569,0.6546336554188382,0.8404118404118404,0.6230366492146597,0.5222330412203829,0.8871559633027523,0.5531914893617021,0.4756554307116105,0.6807511737089202,0.0,0.0
cw+lr=0.0003,lr,multiclase,42,lstm,True,10000,64,64,1,0.0,64,adam,0.0003,64,128,20,1,True,True,0.0,0.0,concat,relu,0.0,714759,10000,6,5,246.3,41.1,0.7086096285514044,0.6288679245283019,0.5783692443423798,0.6218939586465483,0.5658458147616786,0.6460194473736564,0.794344473007712,0.6643356643356644,0.2946138870863076,0.872782874617737,0.5982905982905983,0.6254681647940075,0.672300469483568,0.630943396226415,0.576419357905506,0.6271540365327676,0.5643796462266841,0.6343135701266415,0.7837837837837838,0.68760907504363,0.3213242453748783,0.8666666666666667,0.5148936170212766,0.599250936329588,0.6666666666666666,0.0,0.0
cw+vocab=1000,vocab,multiclase,42,lstm,True,1000,64,64,1,0.0,64,adam,0.001,64,128,20,1,True,True,0.0,0.0,concat,relu,0.0,138759,1000,3,2,119.9,40.0,0.6348320664186748,0.6088679245283019,0.5344718182747876,0.5972230398751359,0.5482552613234442,0.6074111861583879,0.6786632390745502,0.5769230769230769,0.2342634652822842,0.891131498470948,0.5982905982905983,0.5580524344569289,0.7145539906103286,0.6182075471698113,0.5404914561043219,0.6144458900318633,0.5539486537482076,0.603640755401673,0.685971685971686,0.6300174520069808,0.2745861733203505,0.8837920489296636,0.5276595744680851,0.5056179775280899,0.7178403755868544,0.0,0.0
cw+max_len=256,max_len,multiclase,42,lstm,True,10000,64,64,1,0.0,64,adam,0.001,64,256,20,1,True,True,0.0,0.0,concat,relu,0.0,714759,10000,5,4,404.1,80.8,0.8100975793843334,0.6767924528301886,0.6277160098465028,0.6786653246323735,0.6027343110600197,0.6727919043846456,0.8637532133676092,0.6958041958041958,0.5022712524334848,0.8519877675840979,0.5982905982905983,0.5767790262172284,0.6206572769953052,0.6868867924528302,0.6220535272104168,0.6898391224460211,0.6012067422782048,0.6601421382571769,0.8301158301158301,0.6823734729493892,0.5283998701720221,0.8574923547400611,0.548936170212766,0.5112359550561798,0.6624413145539906,0.0,0.0
mejor_s42,mejor,multiclase,42,gru,True,10000,64,64,1,0.2,64,adam,0.001,64,256,20,1,True,True,0.0,0.0,concat,relu,0.0,698631,10000,4,3,480.6,120.1,0.7926033748450051,0.6888679245283019,0.6403588464120252,0.6874820716953477,0.6134241805384375,0.6966453320586601,0.8303341902313625,0.7412587412587412,0.4555483452303699,0.8813455657492355,0.717948717948718,0.5543071161048689,0.6957746478873239,0.7018867924528301,0.6436661848604758,0.7033140573828713,0.6180600060096977,0.6963590960991232,0.8262548262548263,0.7469458987783595,0.4975657254138266,0.8792048929663608,0.6468085106382979,0.5711610486891385,0.7065727699530516,0.0,0.0
mejor_s7,mejor,multiclase,7,gru,True,10000,64,64,1,0.2,64,adam,0.001,64,256,20,1,True,True,0.0,0.0,concat,relu,0.0,698631,10000,3,2,377.5,125.8,0.7295811094937732,0.6709433962264151,0.6213643930546001,0.6694592023350746,0.6229353912496156,0.6899671667328648,0.6838046272493573,0.7062937062937062,0.3659961064243997,0.8850152905198777,0.811965811965812,0.6067415730337079,0.7699530516431925,0.6789622641509434,0.6212048589857178,0.6803901346617398,0.624002102246996,0.6804398678300363,0.667953667953668,0.7050610820244329,0.3982473222979552,0.8862385321100917,0.7531914893617021,0.5692883895131086,0.7830985915492957,0.0,0.0
mejor_s123,mejor,multiclase,123,gru,True,10000,64,64,1,0.2,64,adam,0.001,64,256,20,1,True,True,0.0,0.0,concat,relu,0.0,698631,10000,4,3,473.2,118.3,0.7496091433500458,0.6583018867924528,0.6137476769564082,0.649019383177147,0.6067913895519952,0.6947360573769866,0.7969151670951157,0.6818181818181818,0.3062946138870863,0.8752293577981651,0.7606837606837606,0.6816479400749064,0.7605633802816901,0.6760377358490566,0.6278508731495629,0.6697120886160758,0.6205688427825808,0.6951070232609966,0.7992277992277992,0.6980802792321117,0.3492372606296657,0.8874617737003058,0.7021276595744681,0.653558052434457,0.776056338028169,0.0,0.0
cw+emb_dim=16,sobreajuste,multiclase,42,lstm,True,10000,16,64,1,0.0,64,adam,0.001,64,128,20,1,True,True,0.0,0.0,concat,relu,0.0,210183,10000,7,6,284.2,40.6,0.7916599277589088,0.6684905660377358,0.6143640440337796,0.6669498820534506,0.6354412901229599,0.6132665384042868,0.8123393316195373,0.6398601398601399,0.47047371836469826,0.8629969418960245,0.4358974358974359,0.35580524344569286,0.7154929577464789,0.6757547169811321,0.6154045794405949,0.6747981665185027,0.6382471204662893,0.6134010980940401,0.7773487773487774,0.62478184991274,0.5001622849724116,0.8724770642201835,0.49361702127659574,0.3089887640449438,0.7164319248826291,0.0,0.0
