nombre,grupo,tarea,semilla,celda,bidireccional,vocab,emb_dim,unidades,capas,dropout,dense,optimizador,lr,batch,max_len,epocas,paciencia,early_stopping,class_weight,parametros,vocab_real,epocas_corridas,mejor_epoca,tiempo_s,s_por_epoca,train_accuracy,val_accuracy,val_f1_macro,val_f1_weighted,val_precision_macro,val_recall_macro,val_recall_Normal,val_recall_Depression,test_accuracy,test_f1_macro,test_f1_weighted,test_precision_macro,test_recall_macro,test_recall_Normal,test_recall_Depression,rec_dropout,l2,merge,dense_act,clipnorm
base_s42,base,binaria,42,lstm,True,10000,64,64,1,0.0,64,adam,0.001,64,128,20,3,True,False,714369,10000,4,1,149.8,37.4,0.9634343699427022,0.9409681227863046,0.940842701651655,0.9409295316679508,0.9416094951371556,0.940455991516437,0.9565217391304348,0.9243902439024392,0.949614233978901,0.9495574962933576,0.9495955877911636,0.950006101088478,0.9493403804145936,0.9615029257776408,0.9371778350515464,0.0,0.0,concat,relu,0.0
base_s7,base,binaria,7,lstm,True,10000,64,64,1,0.0,64,adam,0.001,64,128,20,3,True,False,714369,10000,5,2,156.7,31.3,0.9796614617504265,0.9397874852420308,0.939701417533868,0.9397740371626304,0.9399307301268084,0.9395378690629012,0.9473684210526316,0.9317073170731708,0.9452054794520548,0.9451855827399224,0.9452090970360788,0.9451381511404724,0.9452557217764852,0.9430243301509086,0.9474871134020618,0.0,0.0,concat,relu,0.0
base_s123,base,binaria,123,lstm,True,10000,64,64,1,0.0,64,adam,0.001,64,128,20,3,True,False,714369,10000,4,1,136.1,34.0,0.961728557057254,0.9378197560015742,0.9377655379212334,0.9378240934480014,0.9377097050180412,0.937831854291083,0.9374523264683448,0.9382113821138212,0.9480396787907416,0.9480232243928144,0.94804404721497,0.9479690595530008,0.9481197354258808,0.9445642131198028,0.9516752577319588,0.0,0.0,concat,relu,0.0
celda=gru,celda,binaria,42,gru,True,10000,64,64,1,0.0,64,adam,0.001,64,128,20,3,True,False,698241,10000,4,1,126.5,31.6,0.9677645103442244,0.9437229437229436,0.9436094408711784,0.9436900876342748,0.9442878028404345,0.9432512883481238,0.958047292143402,0.9284552845528456,0.9515037002046922,0.9514501120358356,0.9514864300839232,0.9518811963824751,0.9512378992186284,0.9630428087465353,0.9394329896907216,0.0,0.0,concat,relu,0.0
celda=simplernn,celda,binaria,42,simplernn,True,10000,64,64,1,0.0,64,adam,0.001,64,128,20,3,True,False,664833,10000,5,2,91.8,18.4,0.9581857149105542,0.9319165682802046,0.9317032798950116,0.9318249443964246,0.933409420226602,0.9310812822087032,0.9572845156369184,0.9048780487804878,0.9343410486537552,0.9342057514936368,0.93427293029189,0.9355982726985786,0.9337934163653048,0.9581151832460733,0.909471649484536,0.0,0.0,concat,relu,0.0
bidireccional=False,bidireccional,binaria,42,lstm,False,10000,64,64,1,0.0,64,adam,0.001,64,128,20,3,True,False,677249,10000,4,1,77.6,19.4,0.9633906311507676,0.9370326643053916,0.9369407712285134,0.9370175066844632,0.9371884656401268,0.9367676880430132,0.9450800915331808,0.9284552845528456,0.9475673122342938,0.947535658190416,0.947564674397304,0.9475846659508208,0.9474946044564532,0.9507237449953804,0.9442654639175256,0.0,0.0,concat,relu,0.0
vocab=1000,vocab,binaria,42,lstm,True,1000,64,64,1,0.0,64,adam,0.001,64,128,20,3,True,False,138369,1000,5,2,161.9,32.4,0.9515374185365,0.9405745769382132,0.940489634298131,0.9405613046507004,0.9407193266670392,0.9403257613811836,0.9481311975591152,0.932520325203252,0.9455203904896866,0.9454835936192876,0.9455154842403,0.9455752016514446,0.9454147206461794,0.9501077918078226,0.940721649484536,0.0,0.0,concat,relu,0.0
vocab=5000,vocab,binaria,42,lstm,True,5000,64,64,1,0.0,64,adam,0.001,64,128,20,3,True,False,394369,5000,5,2,185.4,37.1,0.965577570747496,0.939000393545848,0.9388594517958264,0.9389530278757588,0.9397876739938588,0.9384234711912336,0.9565217391304348,0.9203252032520324,0.9455203904896866,0.9454365185781116,0.9454846859811444,0.9462854946343592,0.94511676519801,0.9630428087465353,0.9271907216494846,0.0,0.0,concat,relu,0.0
unidades=128,unidades,binaria,42,lstm,True,10000,64,128,1,0.0,64,adam,0.001,64,128,20,3,True,False,854145,10000,4,1,249.9,62.5,0.955386432226742,0.9417552144824872,0.9416271893606848,0.9417143325108192,0.9424595524400377,0.9412187680229204,0.958047292143402,0.9243902439024392,0.9396945362934972,0.939608294942889,0.939659680414293,0.9403369808564704,0.9393198797303776,0.9559593470896212,0.922680412371134,0.0,0.0,concat,relu,0.0
capas=2,capas,binaria,42,lstm,True,10000,64,64,2,0.0,64,adam,0.001,64,128,20,3,True,False,813185,10000,4,1,307.1,76.8,0.9647027949088046,0.9433293978748524,0.9432500741354688,0.9433177080606274,0.9434617055610726,0.9430959424010716,0.950419527078566,0.9357723577235773,0.9483545898283736,0.9483126083681286,0.9483457760411396,0.9484996738421396,0.9481936041675264,0.9553433939020636,0.9410438144329896,0.0,0.0,concat,relu,0.0
dropout=0.2,dropout,binaria,42,lstm,True,10000,64,64,1,0.2,64,adam,0.001,64,128,20,3,True,False,714369,10000,4,1,153.0,38.2,0.9587543192057036,0.939000393545848,0.9388038586408056,0.938914409524892,0.9406261342673148,0.9381471972614464,0.9649122807017544,0.9113821138211382,0.9452054794520548,0.9450995296263838,0.9451538336588962,0.9463757864955028,0.9446952817668332,0.9673544810594394,0.9220360824742267,0.0,0.0,concat,relu,0.0
lr=0.0003,lr,binaria,42,lstm,True,10000,64,64,1,0.0,64,adam,0.0003,64,128,20,3,True,False,714369,10000,6,3,195.6,32.6,0.9811485806762016,0.9429358520267612,0.9427996345461052,0.9428886153197596,0.9438053058801716,0.9423378169708472,0.9610983981693364,0.9235772357723576,0.9466225791213982,0.94655248219311,0.94659606419635,0.9471747181886128,0.9462869075816218,0.961194949183862,0.9313788659793816,0.0,0.0,concat,relu,0.0
max_len=256,max_len,binaria,42,lstm,True,10000,64,64,1,0.0,64,adam,0.001,64,256,20,3,True,False,714369,10000,4,1,330.4,82.6,0.9552989546428728,0.935064935064935,0.9347933095741148,0.9349274660665322,0.9376509614626892,0.9339565775520456,0.9687261632341724,0.8991869918699187,0.9442607463391592,0.944121533664762,0.9441843330730862,0.9460564292220406,0.9436152800840744,0.9722821065599014,0.9149484536082474,0.0,0.0,concat,relu,0.0
mejor_s42,mejor,binaria,42,gru,True,10000,64,64,2,0.0,64,adam,0.0003,64,128,20,3,True,False,772737,10000,4,1,293.4,73.4,0.9594978786685912,0.9421487603305784,0.9420553910419922,0.942129537241752,0.9424138778977488,0.941826198582352,0.9519450800915332,0.9317073170731708,0.9463076680837664,0.9462532967052466,0.9462917873345948,0.9465992567625962,0.9460711552932286,0.956575300277179,0.9355670103092784,0.0,0.0,concat,relu,0.0
mejor_s7,mejor,binaria,7,gru,True,10000,64,64,2,0.0,64,adam,0.0003,64,128,20,3,True,False,772737,10000,5,2,492.0,98.4,0.977080873026287,0.9464777646595828,0.946386217322178,0.9464568395538904,0.9468202060856764,0.9461219326152072,0.9572845156369184,0.934959349593496,0.9507164226106124,0.9506776790720274,0.9507088044990928,0.9508459603405643,0.9505672762169044,0.9571912534647368,0.943943298969072,0.0,0.0,concat,relu,0.0
mejor_s123,mejor,binaria,123,gru,True,10000,64,64,2,0.0,64,adam,0.0003,64,128,20,3,True,False,772737,10000,4,1,346.8,86.7,0.9601539605476097,0.9374262101534829,0.9373759299585818,0.9374324951778455,0.9372998515972819,0.93747558184964,0.9359267734553776,0.9390243902439024,0.9458353015273185,0.945825135480308,0.9458418451897622,0.9457909706492549,0.9460064643334529,0.9384046812442255,0.9536082474226805,0.0,0.0,concat,relu,0.0
