tarea,factor,etiqueta,val_f1,delta_pp,delta_sigma,test_acc,test_f1,delta_test_acc_pp,tiempo_s,parametros,epocas,base_mu,base_sd,veredicto
binaria,celda=gru,GRU (vs LSTM),0.9436094408711784,0.41728885022596085,2.6825178372138043,0.9515037002046922,0.9514501120358356,0.38839027974598705,126.5,698241,4,0.9394365523689188,0.001555586488324632,mejora
binaria,celda=simplernn,SimpleRNN (vs LSTM),0.9317032798950116,-0.7733272473907205,-4.971290591650707,0.9343410486537552,0.9342057514936368,-1.327874875347712,91.8,664833,5,0.9394365523689188,0.001555586488324632,empeora
binaria,bidireccional=False,Unidireccional,0.9369407712285134,-0.24957811404053842,-1.6043988290830058,0.9475673122342938,0.947535658190416,-0.005248517293854338,77.6,677249,4,0.9394365523689188,0.001555586488324632,ruido
binaria,unidades=128,128 unidades (vs 64),0.9416271893606848,0.21906369917660262,1.408238634243567,0.9396945362934972,0.939608294942889,-0.7925261113735149,249.9,854145,4,0.9394365523689188,0.001555586488324632,ruido
binaria,capas=2,2 capas (vs 1),0.9432500741354688,0.3813521766550032,2.4515009581095026,0.9483545898283736,0.9483126083681286,0.07347924211412726,307.1,813185,4,0.9394365523689188,0.001555586488324632,mejora
binaria,dropout=0.2,"Dropout 0,2 (vs 0)",0.9388038586408056,-0.06326937281131428,-0.4067235945167887,0.9452054794520548,0.9450995296263838,-0.24143179551775473,153.0,714369,4,0.9394365523689188,0.001555586488324632,ruido
binaria,lr=0.0003,lr 3e-4 (vs 1e-3),0.9427996345461052,0.3363082177186394,2.16193840871454,0.9466225791213982,0.94655248219311,-0.09972182858341005,195.6,714369,6,0.9394365523689188,0.001555586488324632,mejora
binaria,vocab=1000,Vocabulario 1.000 (vs 10.000),0.940489634298131,0.1053081929212274,0.6769677784656282,0.9455203904896866,0.9454835936192876,-0.2099406917545732,161.9,138369,5,0.9394365523689188,0.001555586488324632,ruido
binaria,max_len=256,256 tokens (vs 128),0.9347933095741148,-0.4643242794803992,-2.984882441223033,0.9442607463391592,0.944121533664762,-0.33590510680731045,330.4,714369,4,0.9394365523689188,0.001555586488324632,empeora
multiclase,celda=gru,GRU (vs LSTM),0.6364518505233521,1.9822209866510954,1.730966478178165,0.6935849056603773,0.6310229691371169,1.650943396226412,213.5,698631,4,0.6166296406568411,0.011451527292067346,ruido
multiclase,celda=simplernn,SimpleRNN (vs LSTM),0.5230786288077013,-9.355101184913984,-8.169304361169718,0.6155660377358491,0.5208276788931349,-6.150943396226416,126.4,665223,4,0.6166296406568411,0.011451527292067346,empeora
multiclase,bidireccional=False,Unidireccional,0.4951437523157697,-12.148588834107144,-10.608706178889049,0.6068867924528302,0.5079571726826229,-7.018867924528305,112.3,677639,3,0.6166296406568411,0.011451527292067346,empeora
multiclase,unidades=128,128 unidades (vs 64),0.6249860933754964,0.8356452718655261,0.7297238617633045,0.6811320754716981,0.619329796773073,0.4056603773584855,330.2,854535,4,0.6166296406568411,0.011451527292067346,ruido
multiclase,capas=2,2 capas (vs 1),0.5897001346568082,-2.6929506000032966,-2.3516082451890465,0.6591509433962264,0.592600556774428,-1.7924528301886844,265.7,813575,3,0.6166296406568411,0.011451527292067346,empeora
multiclase,dropout=0.2,"Dropout 0,2 (vs 0)",0.6212955261286306,0.4665885471789477,0.4074465661031616,0.6937735849056603,0.6319080095579871,1.6698113207547105,218.4,714759,5,0.6166296406568411,0.011451527292067346,ruido
multiclase,lr=0.0003,lr 3e-4 (vs 1e-3),0.5783692443423798,-3.826039631446132,-3.3410736697946746,0.630943396226415,0.576419357905506,-4.613207547169818,246.3,714759,6,0.6166296406568411,0.011451527292067346,empeora
multiclase,vocab=1000,Vocabulario 1.000 (vs 10.000),0.5344718182747876,-8.21578223820535,-7.174398688196423,0.6182075471698113,0.5404914561043219,-5.886792452830192,119.9,138759,3,0.6166296406568411,0.011451527292067346,empeora
multiclase,max_len=256,256 tokens (vs 128),0.6277160098465028,1.108636918966166,0.9681127160515405,0.6868867924528302,0.6220535272104168,0.9811320754717023,404.1,714759,5,0.6166296406568411,0.011451527292067346,ruido
